Datetime,Water Level (m)
2025-07-23 18:00:00,1.5610477
2025-07-23 19:00:00,1.6533537
2025-07-23 20:00:00,1.4242676
2025-07-23 21:00:00,0.9465783
2025-07-23 22:00:00,0.32928187
2025-07-23 23:00:00,-0.24272233
2025-07-24 00:00:00,-0.7802002
2025-07-24 01:00:00,-1.0029547
2025-07-24 02:00:00,-0.4451829
2025-07-24 03:00:00,0.48611936
2025-07-24 04:00:00,1.2759141
2025-07-24 05:00:00,1.8755918
2025-07-24 06:00:00,2.3183656
2025-07-24 07:00:00,2.4354925
2025-07-24 08:00:00,2.2212412
2025-07-24 09:00:00,1.6869904
2025-07-24 10:00:00,0.98107517
2025-07-24 11:00:00,0.29461694
2025-07-24 12:00:00,-0.35117143
2025-07-24 13:00:00,-0.8511495
2025-07-24 14:00:00,-0.9225702
2025-07-24 15:00:00,-0.18661262
2025-07-24 16:00:00,0.6696318
2025-07-24 17:00:00,1.289221
2025-07-24 18:00:00,1.8265857
2025-07-24 19:00:00,2.1361773
2025-07-24 20:00:00,2.1438503
2025-07-24 21:00:00,1.7905844
2025-07-24 22:00:00,1.1816279
2025-07-24 23:00:00,0.5047091
2025-07-25 00:00:00,-0.074307255
2025-07-25 01:00:00,-0.6084552
2025-07-25 02:00:00,-0.64780074
2025-07-25 03:00:00,0.15931146
2025-07-25 04:00:00,1.0239519
2025-07-25 05:00:00,1.7429032
2025-07-25 06:00:00,2.4231143
2025-07-25 07:00:00,2.7957096
2025-07-25 08:00:00,2.8662965
2025-07-25 09:00:00,2.5619338
2025-07-25 10:00:00,1.8974771
2025-07-25 11:00:00,1.1503409
2025-07-25 12:00:00,0.43038222
2025-07-25 13:00:00,-0.17284606
2025-07-25 14:00:00,-0.69027436
2025-07-25 15:00:00,-0.6084167
2025-07-25 16:00:00,0.27210003
2025-07-25 17:00:00,1.0972412
2025-07-25 18:00:00,1.669604
2025-07-25 19:00:00,2.0853577
2025-07-25 20:00:00,2.2597942
2025-07-25 21:00:00,2.096653
2025-07-25 22:00:00,1.6110535
2025-07-25 23:00:00,0.93561924
2025-07-26 00:00:00,0.24346894
2025-07-26 01:00:00,-0.334935
2025-07-26 02:00:00,-0.7825918
2025-07-26 03:00:00,-0.63157487
2025-07-26 04:00:00,0.3196035
2025-07-26 05:00:00,1.1933658
2025-07-26 06:00:00,1.8826966
2025-07-26 07:00:00,2.4154582
2025-07-26 08:00:00,2.662565
2025-07-26 09:00:00,2.56604
2025-07-26 10:00:00,2.1104434
2025-07-26 11:00:00,1.386371
2025-07-26 12:00:00,0.65151435
2025-07-26 13:00:00,-0.0019298769
2025-07-26 14:00:00,-0.68304956
2025-07-26 15:00:00,-0.9919299
2025-07-26 16:00:00,-0.52768385
2025-07-26 17:00:00,0.4394934
2025-07-26 18:00:00,1.1823783
2025-07-26 19:00:00,1.7003083
2025-07-26 20:00:00,2.0489352
2025-07-26 21:00:00,2.1271396
2025-07-26 22:00:00,1.8147597
2025-07-26 23:00:00,1.2523502
2025-07-27 00:00:00,0.54649454
2025-07-27 01:00:00,-0.060022436
2025-07-27 02:00:00,-0.7024281
2025-07-27 03:00:00,-1.0121856
2025-07-27 04:00:00,-0.547269
2025-07-27 05:00:00,0.480455
2025-07-27 06:00:00,1.2978947
2025-07-27 07:00:00,1.8983924
2025-07-27 08:00:00,2.3246763
2025-07-27 09:00:00,2.433206
2025-07-27 10:00:00,2.192339
2025-07-27 11:00:00,1.6349587
2025-07-27 12:00:00,0.9099717
2025-07-27 13:00:00,0.17652859
2025-07-27 14:00:00,-0.5272008
2025-07-27 15:00:00,-0.9782851
2025-07-27 16:00:00,-1.0719876
2025-07-27 17:00:00,-0.18183799
2025-07-27 18:00:00,0.67180145
2025-07-27 19:00:00,1.2904515
2025-07-27 20:00:00,1.7765712
2025-07-27 21:00:00,2.0063493
2025-07-27 22:00:00,1.9541948
2025-07-27 23:00:00,1.5343894
2025-07-28 00:00:00,0.9144687
2025-07-28 01:00:00,0.23107524
2025-07-28 02:00:00,-0.37578738
2025-07-28 03:00:00,-0.9111132
2025-07-28 04:00:00,-1.0400715
2025-07-28 05:00:00,-0.18977544
2025-07-28 06:00:00,0.7143146
2025-07-28 07:00:00,1.416426
2025-07-28 08:00:00,1.9431367
2025-07-28 09:00:00,2.2262104
2025-07-28 10:00:00,2.2132146
2025-07-28 11:00:00,1.8193271
2025-07-28 12:00:00,1.2017345
2025-07-28 13:00:00,0.50703156
2025-07-28 14:00:00,-0.15017454
2025-07-28 15:00:00,-0.7793804
2025-07-28 16:00:00,-1.1293346
2025-07-28 17:00:00,-0.7767044
2025-07-28 18:00:00,0.14913167
2025-07-28 19:00:00,0.92649555
2025-07-28 20:00:00,1.4773238
2025-07-28 21:00:00,1.8706901
2025-07-28 22:00:00,1.9879593
2025-07-28 23:00:00,1.7781774
2025-07-29 00:00:00,1.2917752
2025-07-29 01:00:00,0.62648463
2025-07-29 02:00:00,-0.0006447668
2025-07-29 03:00:00,-0.60569084
2025-07-29 04:00:00,-0.9481166
2025-07-29 05:00:00,-0.6925727
2025-07-29 06:00:00,0.22459859
2025-07-29 07:00:00,0.9989228
2025-07-29 08:00:00,1.5825989
2025-07-29 09:00:00,2.0211022
2025-07-29 10:00:00,2.1940668
2025-07-29 11:00:00,2.0312862
2025-07-29 12:00:00,1.566548
2025-07-29 13:00:00,0.9134487
2025-07-29 14:00:00,0.23463947
2025-07-29 15:00:00,-0.3513103
2025-07-29 16:00:00,-0.8455932
2025-07-29 17:00:00,-0.91560894
2025-07-29 18:00:00,-0.19820742
